INSERT INTO users (id, name, age) VALUES (1, "Robert", 24), (2, "Paloma", 19), (3, "Mike", 27), (4, "Beth", 33), (5, "Alex", 29), (6, "Frank", 39), (7, "Brad", 26), (8, "Harry", 23), (9, "Matt", 29), (10, "Michelle", 36), (11, "Kate", 29), (12, "Moe", 39), (13, "Brittany", 20), (14, "Henry", 49), (15, "Brenda", 27), (16, "Margot", 43), (17, "Chris", 29), (18, "Marcia", 34), (19, "Ralph", 59), (20, "David", 63);

INSERT INTO projects (id, title, category, funding_goal, start_date, end_date) VALUES (1, "The next facebook", "social media", 2000000.00, "2021-03-27", "2021-04-27"), (2, "The next GOT", "books", 300000.00, "2021-04-30", "2021-05-30"), (3, "Scholarship for poor children", "charity", 5000000.00, "2021-06-01", "2021-07-02"), (4, "The next tinder", "social media", 1000000.00, "2021-07-05", "2021-08-05"), (5, "My book on society", "books", 500000.00, "2021-09-20", "2021-10-20"), (6, "The next big hit song", "music", 400000.00, "2021-11-17", "2021-12-17"), (7, "Free internet for Baltimore", "charity", 7000000.00, "2021-06-15", "2021-07-16"), (8, "Free medical care for Baltimore", "charity", 30000000.00, "2021-03-27", "2021-04-27"), (9, "Flatiron school scholarships", "charity", 20000000.00, "2021-02-11", "2021-03-11"), (10, "Dog needs paw operation", "charity", 1000.00, "2021-04-12", "2021-05-14");

INSERT INTO pledges (id, amount, user_id, project_id ) VALUES (1, 3000, 3, 7), (2, 60000, 6, 9), (3, 22000, 2, 5), (4, 755000, 1, 7), (5, 427000, 8, 9), (6, 345000, 6, 5), (7, 97000, 5, 6), (8, 8735000, 4, 7), (9, 4353000, 7, 4), (10, 4848320, 16, 9), (11, 349800, 13, 5), (12, 350900, 19, 4), (13, 34000, 15, 7), (14, 934000, 12, 2), (15, 324000, 17, 3), (16, 3242000, 18, 4), (17, 2342000, 3, 8), (18, 8654000, 12, 7), (19, 2000, 4, 5), (20, 3675000, 7, 10), (21, 456000, 15, 4), (22, 546000, 18, 7), (23, 46000, 7, 10), (24, 57000, 14, 1), (25, 26000, 5, 2), (26, 200, 9, 10), (27, 36000, 18, 2), (28, 3000, 3, 9), (29, 32000, 15, 5), (30, 3000, 15, 3);

